id,sessionId,previousFrameId,time,speed,latitude,longitude,linearAccelerationX,linearAccelerationY,linearAccelerationZ,gravityAccelerationX,gravityAccelerationy,gravityAccelerationZ,rotationDeltaMatrixFieldo,rotationDeltaMatrixField1,rotationDeltaMatrixField2,rotationDeltaMatrixField3,rotationDeltaMatrixField4,rotationDeltaMatrixField5,rotationDeltaMatrixField≈ë,rotationDeltaMatrixField7,rotationDeltaMatrixField8,angleSpeedX,angleSpeedY,angleSpeedZ,elevation1,elevation
78,86,94,1,0.3484774853572557,-51.45504766081542,-128.04880281103254,0.1190099452995826,0.1830056042535263,0.4428883555544701,0.0052275444870782,0.7531588263133655,0.3456500712141039,0.6967738455036452,0.7863149892867977,0.7584710298027264,0.714785699705416,0.7154442310168909,0.6984863971778101,0.5386894509425586,0.4600572211028815,0.8280981575529618,0.2919264804340161,0.2954727524062802,0.92518821197134,0.0,-4177.0
9,97,26,2,0.0425148333966967,-26.42642714203945,-163.68210019601213,0.6951710442280289,0.2591017723030522,0.2973664805193724,0.0610365041818391,0.0324871194361068,0.6011232349732225,0.1947399455854893,0.6103161906344828,0.3100024680890627,0.9382277022818512,0.9426585458076028,0.1765418913674997,0.6481151308577304,0.7726973752128,0.1703029682140477,0.1394170891295733,0.0019920613858308,0.1833580204436929,0.0,-5509.0
25,38,94,3,0.9408002697066652,77.97248726623815,167.01736182069214,0.7049084246198002,0.7773152860735464,0.274984121639091,0.5081522973882451,0.698235108051156,0.5129634456295696,0.4781564892987123,0.7726448832197578,0.8579062030366389,0.8115166221336712,0.1174794945323365,0.4955781903699694,0.7389789332720944,0.8797333401092244,0.2207410234440725,0.8894526463726231,0.9938236959383084,0.5880095750520592,0.0,-257.0
87,75,14,4,0.1909498554067967,-30.45013153873611,86.868036935686,0.5913240559550428,0.099806659096438,0.4612906005293102,0.4340957742823558,0.5545366263896309,0.5499561126195768,0.5752360145600941,0.1011941410426804,0.5316424396609052,0.6225371152468507,0.3229103736953952,0.9034726504891532,0.9380809226416692,0.8620030998688678,0.4863454961142194,0.2036515632085135,0.7877648212447748,0.4352005628847794,0.0,-3493.0
32,18,97,5,0.5735605757790257,6.867135333941874,-59.74022799987294,0.7383407107349355,0.7054041005767505,0.1867380666941404,0.5871728984887898,0.5669457907944708,0.4540229270760131,0.1439688160542065,0.0867682366369739,0.6437818151481076,0.3869666899020201,0.2809963063516076,0.5787512076261022,0.6831098803828147,0.1214352720950938,0.2776220527764603,0.1294143111847838,0.3625814256736908,0.350553830969898,102.0,97.0
39,38,72,6,0.989226841126088,26.793203342020604,152.69187685560905,0.5128377090201657,0.2589456979464264,0.5066783869709999,0.6232597694971378,0.5302798773963175,0.1874623796504644,0.6173109383648745,0.3086412673966857,0.8093096551928839,0.4161133247458798,0.0749540973438357,0.0005127806910429,0.7937673180952292,0.6581404304671542,0.8853924684026175,0.3971493157632495,0.1020824391450108,0.1184838325689793,0.0,-6026.0
71,22,29,7,0.0539881873682238,-79.61099818936043,27.408444068586363,0.0738914911212771,0.2797994228884333,0.3346064693616172,0.7165778697308292,0.1893684012508779,0.6405108876889266,0.5599537759823855,0.835335140705318,0.5105508714128619,0.5841188646360489,0.2014170802884071,0.1899145374582803,0.1883108957387231,0.0433274583977071,0.5198108649101173,0.6552378093135969,0.1290307107389928,0.5123172306817048,0.0,3341.0
86,99,23,8,0.4770758616682203,78.24365236210326,170.092068928243,0.0188949106954547,0.1025061066029595,0.5997646686711885,0.8619733173609911,0.0725792809923459,0.7088943690262882,0.0139461329810295,0.0483105972540328,0.8157669364801475,0.7957588939232844,0.8432369917234912,0.9330437487807062,0.2885730239196055,0.9222570752309138,0.0739402316485605,0.1160051101752325,0.3748935155098341,0.9054525567046792,0.0,-539.0
71,40,94,9,0.9716591481445148,44.10524614712352,34.62189226077177,0.9301224374984084,0.6109538697932253,0.2735410976529956,0.9504851761122436,0.4585275796337622,0.2030258486746408,0.281339595000101,0.3969731204241075,0.5933079954918234,0.0009094893259438,0.4307713641149355,0.5090184834255461,0.6210920625850718,0.5490662035544901,0.2936332240611834,0.7019354576155922,0.3834768195043313,0.641425997880298,0.0,-2197.0
76,81,30,10,0.920024009175008,-36.74755521395958,-99.13716188572964,0.9258064299072336,0.9755150262861118,0.7673884401482327,0.8904984590324675,0.9304040623669964,0.4701110120829661,0.0364681522195272,0.6085689823661155,0.4911918480236409,0.5148467118690988,0.4759286370538244,0.7478615032928573,0.7404863114044026,0.1036481491319627,0.1267536560645894,0.949695931253102,0.0818227141334135,0.8615084138772737,0.0,-3312.0
69,23,6,11,0.8423585356487797,-18.418682470909506,166.986829814074,0.4059027616979936,0.7381645907914699,0.3065548299369831,0.6662331017628661,0.7170914115747563,0.8076157302563169,0.9762572148282772,0.811326919455113,0.5379367906873351,0.9490292106044046,0.0755049002700068,0.1308619150008907,0.1083767423526741,0.9036273492224628,0.020102185586171,0.3585057990692419,0.0658342900138728,0.5585407323772273,0.0,-4123.0
80,81,91,12,0.3540661953589979,-81.70284196464075,60.79704876901568,0.1525725492888373,0.8981799034592272,0.6005129402066328,0.2062583212750717,0.3201170854082058,0.8001464822258203,0.6652837671613062,0.3280918820896983,0.6614506480503163,0.9128496741450002,0.6907905618686708,0.7084916298889476,0.8323142533483197,0.8939569390581414,0.0361566467473398,0.8932126767914444,0.7131896356330065,0.6758703689223611,0.0,3850.0
26,55,60,13,0.8163113080175277,19.01049038771544,-22.984838432463704,0.0140370888247323,0.0010632446727637,0.1082551715824059,0.6541725575468533,0.6323012754034807,0.4384453296493151,0.8574544869273676,0.5133809128030027,0.0653012981510593,0.2889755456695472,0.3482441711316486,0.7473296141884597,0.4569589223883954,0.6485581659541738,0.2511928991111625,0.0648302411671651,0.8310764868741807,0.8465019690606167,0.0,-3775.0
11,86,34,14,0.284808395105646,-16.67587074012215,164.4496821362531,0.0226266122363354,0.699724104587552,0.9949008923354336,0.041781689325365,0.1519171915094798,0.1295000755936955,0.7125596232401009,0.5037157268164456,0.2756518247207334,0.6208333191397017,0.3943884791903496,0.5584231443166265,0.6385790439161568,0.2797304493111078,0.2257113368401488,0.7137962525667713,0.0568841229755515,0.45030445461801,0.0,-4806.0
80,98,42,15,0.0641534880749278,12.423347173582826,108.82981037763818,0.0745385299313131,0.0028232682583684,0.7122905106194336,0.4095227975383815,0.0839816940178999,0.3512340565190374,0.9622067634436192,0.356104708089114,0.0032000080296903,0.7987362271767169,0.9585628381541036,0.4785539633709201,0.7258491165376119,0.1001938848576478,0.612778788709909,0.1311101453717233,0.2364026637438464,0.9322827382370747,615.0,613.0
28,16,32,16,0.5445634273130556,-1.2686034313645962,-179.53053787236485,0.96766140251786,0.2749693170717966,0.871917092799707,0.4410327146361331,0.651174435440613,0.2865734970346466,0.7572940937043958,0.9236862148569864,0.6035579229513729,0.4999972764816113,0.7977794036665513,0.2291371746653334,0.7806480886522009,0.3220210795275282,0.937062207609195,0.8454863788390541,0.7955069500872266,0.8575463682303555,0.0,-5238.0
24,96,69,17,0.2194053198038374,-3.740455790321192,-157.82953201441308,0.2482304801125822,0.5842711120607502,0.1182236107326355,0.1256793440138554,0.2353866480492989,0.8083217567383475,0.2244192188002162,0.8292270458581491,0.8853718584480909,0.7813403744328428,0.8700583363867086,0.581285303571164,0.2932222670906995,0.7971044372195907,0.5904875136493183,0.8420157531961323,0.1695996847533374,0.4562178685203789,0.0,-5242.0
92,73,27,18,0.2702164687782146,68.00457137889245,20.40088108061809,0.8055480099330082,0.5518833119493025,0.3515238948719319,0.3478036826733259,0.396103128849682,0.738495673134147,0.547883253273199,0.0672666327327262,0.855559537461728,0.5177722135150117,0.5518039074749798,0.9821366294577464,0.8394243891925706,0.207873032034855,0.41168524931254,0.394288973852827,0.700616519815242,0.0159250847948195,0.0,331.0
57,63,74,19,0.9180199998288624,-41.06213018306879,50.03208360076047,0.4377797530536691,0.695453675675356,0.2286564440659543,0.7572154913265828,0.0831604678321064,0.5633182027702103,0.6810906690674151,0.7481106019718426,0.0544440738892664,0.5534133827149552,0.8977441990060049,0.2085241611017806,0.0444299170584456,0.8563900424629453,0.993510575955546,0.4460226614717655,0.8333892339761129,0.3897358474890433,0.0,-3661.0
64,19,35,20,0.5670559701610093,-69.4247417998235,-17.18932643226111,0.2819296698466227,0.1855722245509458,0.304180665483056,0.7491644306353947,0.9210821334308732,0.7844057217731358,0.0321268988284773,0.6758941825076471,0.7996586996389805,0.8325819850826062,0.7047983795103924,0.8730799270861317,0.0547834213528194,0.8649851783969587,0.6630661536427702,0.5209851372355118,0.5325226001820065,0.4026916429793573,0.0,-4914.0
46,78,79,21,0.4511632808274235,75.18981566813369,-4.949302062098354,0.402507425366406,0.9813381212941804,0.1259559425169513,0.0926492031782737,0.4388211069426668,0.0469202250822654,0.8281731556171381,0.1962209350862551,0.5064869621735151,0.937511526544286,0.0999271616888052,0.6518657242646732,0.2369455675997824,0.2096205988071581,0.2968564646436021,0.0509842964887196,0.5227392327476152,0.7610467288086333,0.0,-3537.0
52,64,74,22,0.5159545387104056,-82.1888305361371,48.430190930621336,0.6676628808795486,0.8747614916875617,0.3534448737705652,0.1673540613635313,0.8120738612935111,0.3366842827189531,0.5910462551968633,0.9582015050859444,0.0996123856547196,0.6760475757750799,0.707110739865428,0.859241128533021,0.4315117023501299,0.5719017576597968,0.1515135059639293,0.3587910897830428,0.1562438197338325,0.5257312003333979,0.0,3590.0
90,89,88,23,0.186336252477651,-59.87049015736405,82.5899593205063,0.1197363725212714,0.971309877092306,0.4140776197248073,0.2923118911359911,0.5674166539862865,0.0095471086667604,0.6596278178984635,0.0975504134386512,0.8539104951310575,0.8652318899809354,0.7345032525988497,0.816830702905683,0.7197453524015974,0.2142694144008902,0.9190352754532496,0.4155026854797172,0.544107645622044,0.9192319850806144,0.0,-1493.0
56,28,41,24,0.9842781061584028,-29.43347316599612,115.52684337974928,0.3122129661473564,0.1657936794850709,0.9574885545525808,0.3973339862772984,0.7003565261483695,0.1013517421980453,0.9868494878911924,0.0926985852866798,0.9609901172845372,0.4097006422765981,0.8304681450705481,0.485076146906544,0.1781312221030911,0.6278462741877794,0.9686534519638657,0.5349793765749828,0.5402829300972208,0.4686261125716384,306.0,303.0
71,61,79,25,0.7624275979774304,25.656583556757766,86.65242562990369,0.8214185858361027,0.9290899634725858,0.4119996989169577,0.2919915651453426,0.5145057528703529,0.6098260420883649,0.1720076754247318,0.9318558820729,0.7860003096278222,0.4062999719363497,0.0482660718148405,0.4407835110578664,0.0380790000443268,0.235868451691372,0.5666692300087456,0.4320411726245623,0.9123250067803166,0.1889063267330095,40.0,39.0
25,74,4,26,0.3008475138758303,81.3377364459748,-33.053102555307845,0.0341456906004854,0.1907660944673231,0.9277841589261944,0.9940238839680338,0.2718101195726301,0.2725482221225288,0.6146627124644357,0.7033968448047458,0.3048237721564341,0.2943526554097003,0.8790036739471757,0.8971466057334809,0.0474114602933924,0.0609504369176294,0.6281150807951813,0.1102759795820483,0.4101268392930214,0.4709673924000167,0.0,323.0
43,65,63,27,0.2602419349362659,78.71937054108233,-31.12563773236016,0.0247700850557779,0.1927580831423796,0.6666247204452364,0.8089707870069667,0.5927965462909628,0.7522983827989506,0.3588042189790683,0.4397603612686388,0.3071481159768889,0.1162030965795085,0.0892286112793507,0.0539600352935413,0.5879625768970564,0.0420184066385208,0.7326589448468068,0.8096741061251232,0.5639469056430724,0.0557468770661532,0.0,141.0
22,31,44,28,0.8293341521215102,2.2969418861650297,129.96552164636523,0.2008299139147994,0.2398273273134844,0.3790860229645844,0.4344342435125805,0.7449964396173023,0.4878108166984878,0.214306870567004,0.625849257189009,0.3180296156023245,0.2585510794006113,0.3965311518060421,0.3980740509311359,0.9505661990750116,0.1547000498848471,0.686395664118663,0.4953555206886001,0.8773793243460564,0.5156406919216243,0.0,-4226.0
27,3,95,29,0.9427261378747904,-50.99598050426653,-105.07929982867876,0.0207994239517101,0.5276310418372591,0.8039578490935864,0.496965004100665,0.0240965782764698,0.2023730407409028,0.9691230696783428,0.4147540251886453,0.854991436178283,0.8684321523416231,0.3160559759303447,0.5066846363523706,0.5958601056951974,0.3379252098793314,0.0860064659419104,0.574675799298308,0.669860875009137,0.3885823085613116,0.0,-4929.0
17,4,71,30,0.9205854364979974,-55.52514200553258,-38.668109634678274,0.8596822620768255,0.7688858564786767,0.985208363734751,0.2695164374393309,0.9773728949841124,0.3168907327720794,0.568160401158236,0.6065589164295003,0.3138178831908763,0.038792155111114,0.6860992122793901,0.7355481285959274,0.020639904461317,0.0623480975006424,0.2806289113338669,0.6807646341478913,0.924260907814794,0.5324997528560276,0.0,-3345.0
89,14,34,31,0.9525315924570518,-25.964736483462985,132.61833720430172,0.7545136626278618,0.9972858143114712,0.3689628580233508,0.9082017828317096,0.119557359605393,0.8877619523067506,0.2434561092328842,0.7734346820490701,0.6716753542769718,0.3856217151957526,0.975571667597866,0.0573646074839738,0.3209449570596988,0.1944749684414566,0.108762755710407,0.5916573658324922,0.3763579676135296,0.6709252701389081,575.0,571.0
47,64,54,32,0.3887187636189684,19.450519233615324,177.97109902643552,0.2587352242157823,0.7261228281159144,0.1109786686386971,0.0966382214105443,0.5995936114979661,0.7791842796837825,0.9398720823534484,0.3778231455972324,0.3861776601587298,0.9237542040899942,0.3806201005715844,0.6029161005428139,0.4601665455993767,0.4428170291738694,0.7954712411183578,0.3538909330870923,0.7865081612635378,0.8131179067855767,0.0,-4755.0
30,4,6,33,0.1382873180543394,25.533522037905527,104.1792095111349,0.0083003959624068,0.4150662492121596,0.5551695646881549,0.6719567495446014,0.2281107598480899,0.3946747515265529,0.2807186362302539,0.4060861980505231,0.2227219841487674,0.736782125115235,0.2308260659788709,0.9895380916065752,0.5412241446477106,0.5084439232655358,0.1056792585935931,0.6566554706761738,0.0007345389780163,0.4398523690136927,2248.0,2289.0
27,89,68,34,0.5834484930005291,50.72024318190384,-99.2448119937377,0.4516160456056535,0.7455492718895563,0.0966489731954701,0.4808099718864408,0.9298671148395274,0.3971750827380131,0.4236749799905629,0.5840889791751711,0.3852810206208168,0.2062250643151253,0.9858271040914974,0.7445713734540323,0.7529315434069194,0.996235382911817,0.8667007733780844,0.5653508372640772,0.4017979081912572,0.9232506435408286,306.0,305.0
67,56,30,35,0.4061099886335352,-70.8384441223279,9.637328336170183,0.1868457579856302,0.913616453193414,0.0589625093574258,0.4832512090720974,0.2963938912603475,0.4429223275392846,0.6208889206549733,0.2697666949768946,0.3594763570692485,0.951910651356236,0.4421985364457903,0.1620273773008689,0.3089078791454349,0.0133505090942311,0.2596869504519484,0.4296880114701017,0.9451889626013714,0.2093310706862912,0.0,763.0
70,50,42,36,0.3659142737172566,45.974885841333446,-131.3152085656673,0.3961319468239439,0.6531662309831991,0.1212615468385189,0.5478757419570454,0.4715946111984328,0.2633465293028106,0.9581202592402204,0.0668138857803476,0.377310420570099,0.5600778806844364,0.3299550097395684,0.1625083473605922,0.6710421031049716,0.4246490397457335,0.7303812136005694,0.9447718146196316,0.6655635584738222,0.2677472974204354,0.0,-2568.0
99,7,88,37,0.0542663856126527,-56.80755356359388,135.84092085691103,0.536704063286857,0.0114598311182778,0.6625196922411382,0.3159403795312592,0.0955517502554764,0.5152610386588753,0.5828790761057544,0.4879453367877202,0.7408175353181583,0.3987353134296885,0.8407799142269734,0.8000452206710538,0.3240005344011575,0.2155741794485054,0.7263884183380926,0.3702981131119285,0.0451822354199419,0.6182515007438929,0.0,-3889.0
92,53,98,38,0.7290745115343723,57.57823358548771,8.03468046282697,0.985132104592898,0.905231390561979,0.0256348340631047,0.098895996772557,0.8853048518606245,0.6542466006958848,0.0139627638560473,0.9177548473180952,0.6805616894751725,0.2092426723155837,0.6756253748389285,0.6212326363082481,0.917766397864258,0.0899320739251289,0.1074212375253671,0.9824624864943852,0.1536362815828824,0.155017724661854,0.0,-176.0
7,91,24,39,0.8133295712270192,58.73136796827271,-52.13879661341511,0.1656795388586179,0.350465419158006,0.2213312057315865,0.467995301779783,0.356015276773821,0.5329856693040689,0.9135201381847136,0.7947649080075353,0.9730320973598904,0.8046774904240694,0.9214569991494984,0.5801566561450434,0.406357850109789,0.6663630999125661,0.88611574108542,0.0773486328036121,0.384660528275094,0.6207030306603114,0.0,-3469.0
39,89,65,40,0.1626675964371061,85.94325644418737,123.1305307131675,0.2920325492905825,0.8635948342313807,0.5998710708346346,0.3772866733057761,0.0080606336395271,0.0908070448182427,0.8670110265424013,0.8086622987955163,0.4068331686177657,0.8483365831388197,0.4367882473789369,0.0870669409597294,0.8169558236858612,0.3669783750508016,0.1741283424183743,0.8815429926158712,0.5442590004300286,0.2863073092327775,0.0,-4290.0
2,55,54,41,0.6496269991840294,40.73130563377072,111.33716004775,0.4525263407245918,0.8857503722387124,0.5760316237953186,0.5290445539591093,0.8176608476247411,0.2981492105728521,0.3495605102157673,0.6530351428775394,0.9992960403255412,0.3914375330442234,0.3729610356914966,0.3292283042316055,0.2777629336857371,0.3976465013138038,0.8852236393120425,0.5498720901654649,0.9287112299237558,0.5336272304745757,1050.0,1045.0
6,3,49,42,0.2313803925476582,-46.23731814714604,32.129608544078536,0.4064214023271312,0.193686410169648,0.827562748804813,0.3095063648450111,0.3053765843522114,0.9960944889256904,0.256406356198563,0.062419626121804,0.1635030672811932,0.6400664420227955,0.3206208910104375,0.939553704519924,0.4248207883612014,0.8001206476086339,0.4669266636897778,0.7217810961528686,0.855208516281934,0.7845060642462419,0.0,-3209.0
77,92,8,43,0.9755736467927624,-77.2741098149071,128.30837360202656,0.1007560574970511,0.1305564711999154,0.1984995843599001,0.3035255672710641,0.8104582666623974,0.3473887917872719,0.9642201400639174,0.915641420557876,0.1409764381558832,0.6574692736240697,0.6624797942943318,0.6191003371020136,0.9207882044610636,0.5924772996962518,0.3939231917066669,0.1801293785126673,0.0288901251065324,0.6853838060936124,0.0,3023.0
4,87,91,44,0.9935066411520446,-42.85000951478057,-6.984183419538823,0.8549905711173322,0.3053750609876119,0.0108009403182817,0.5762075678319437,0.2027185537682224,0.4873975620643543,0.4242884831460098,0.1635048364579543,0.6162419148622871,0.6760486361077384,0.6203543214174407,0.0996728885812828,0.5954779996721926,0.4102948573480437,0.4553163321437058,0.6809751485577668,0.3099275892740425,0.9336312642254224,0.0,-3615.0
76,64,55,45,0.7413967077110203,40.77844222580595,-129.5130666910042,0.9180372584030632,0.2207141924979768,0.2710570325988639,0.5091602914229691,0.0289157882256853,0.9453710809286991,0.1888723088321171,0.8402420843223887,0.8314065257770804,0.4517951446831502,0.1086138005846518,0.59037053248354,0.8742583203675633,0.3404734342181368,0.658639360032888,0.1751615726546398,0.1591679361342084,0.0202640393293841,0.0,-2845.0
3,16,72,46,0.28905807843984,32.47740930308569,34.76489637843997,0.4057358289960386,0.8270556186220779,0.6471752032036113,0.2536907027078785,0.9193212952575556,0.7515690890721972,0.0351076951426334,0.5507647951633453,0.5444995490081983,0.0916999964915952,0.7209491939600953,0.4844917919397984,0.330217554323624,0.5714028545964208,0.5190636903777103,0.2774946691001584,0.0937707540180344,0.7535952585998724,0.0,-80.0
33,73,49,47,0.1618604343596872,11.174534428453512,-49.14762815468745,0.7137852601263266,0.2490389521826622,0.512596593098165,0.9678645345481254,0.8593154764213295,0.2160655883357488,0.5253762150993663,0.5181292082437692,0.4132319895612422,0.5240288773245529,0.1380265828049214,0.1743149189876852,0.0053571890291247,0.0794567358462537,0.7375965315655763,0.3906343367027995,0.2569570076517988,0.0797693155857748,0.0,-4934.0
96,24,67,48,0.4878962934482255,85.01219073106256,146.2290694990695,0.0925479997393892,0.0065148974244055,0.0075775081228544,0.6495803091996949,0.3519435244497515,0.9228024465957866,0.417981053257038,0.2638637251459742,0.4462155868288765,0.1759510203393374,0.1653771592589281,0.0216950773136584,0.9382331249415748,0.2502612861684052,0.2485867281629903,0.2949940375749751,0.786025330064193,0.4561202960653604,0.0,-1466.0
70,8,88,49,0.522805732147364,-68.23198276749953,81.8446038537482,0.8603885973852253,0.4805491877693694,0.4131939591334959,0.6190229862826703,0.5746369486175488,0.159271941209853,0.3210543986003034,0.1161327892219733,0.135535327834237,0.5720747396541341,0.0164362993183186,0.9973376681334472,0.6958056841545716,0.8471721239763003,0.0560224739749389,0.0924136669808998,0.1633237530681534,0.5263192162344712,0.0,-219.0
70,25,62,50,0.8581183118304259,81.63661285031716,79.56113773645353,0.3894839275057674,0.7394554625242261,0.5065632820340299,0.2762144212590889,0.5861530784216331,0.5077624608502551,0.8247519386961575,0.6967875143307131,0.9057540121236484,0.4726359150365576,0.913361602370676,0.3124054812688627,0.8097503337378523,0.2114508897387351,0.2606747070458817,0.1596996254343694,0.3767236373440652,0.3248362650441246,0.0,-160.0
54,13,99,51,0.0961275380977867,-17.882027634373898,127.64803219669358,0.6462990533288419,0.8976296968025016,0.9491508835383262,0.6514634728272038,0.9027511530990168,0.7324476033480777,0.885223004757404,0.7812282304235884,0.3171033076294256,0.9700882529892078,0.5353044418577103,0.2101890960867304,0.7244252454681464,0.3454680351671367,0.0929049858307614,0.6710675078104352,0.638743958142815,0.9751926196204308,470.0,485.0
40,94,48,52,0.6457569412534518,16.20145690683664,44.368157080679794,0.9061268396783247,0.5444178027987423,0.6872808257586716,0.4151207793137731,0.9733751777521842,0.7886883643553435,0.2771799830531464,0.9149506616406984,0.558136972912562,0.1295202550711531,0.0172266591826838,0.7677398702185684,0.9938784813088056,0.9949432348560951,0.5010507223317147,0.188452692465322,0.0342335350780804,0.2269295004169822,1213.0,1211.0
61,6,71,53,0.6770530798289525,78.96958654429278,-78.75272688766027,0.175500338757051,0.6931387942869017,0.8863296021600389,0.8764974928763931,0.0365792717980915,0.1163612212518241,0.9365597219710964,0.7919041413173767,0.3473324902706455,0.8727430389105645,0.8568168472615729,0.5744207276697876,0.9915712680371468,0.6308811949101447,0.4504965991443995,0.0437843991787296,0.5582533640443671,0.1001994803677991,0.0,1577.0
35,22,34,54,0.8673478884081095,26.465122155463742,170.85895846397364,0.800993891251711,0.792635555433474,0.2959316575559386,0.6422989428481839,0.2185813875787153,0.9270239905526289,0.2677807392797025,0.5762365797043179,0.8627501118658624,0.7710095537032949,0.4771175011341855,0.9972620601758684,0.0913794507085348,0.6899652698266068,0.9138040287876862,0.6047725659787269,0.8916932512057654,0.8550567762910884,0.0,-5917.0
23,23,75,55,0.9638511041855476,-12.460961953480108,13.891324747037686,0.6288147741482688,0.2649043596439726,0.8910378719458989,0.1911440534719507,0.9090209246013994,0.9082190631305151,0.0359213340520657,0.0512523770254784,0.905631005752777,0.0401895417888356,0.085003365166537,0.1100846408966075,0.6152787582712614,0.0131554603919509,0.6585946023229656,0.8747801300777907,0.6221835308626139,0.5480849311151901,882.0,885.0
41,84,53,56,0.2916135364835436,24.44076446069353,117.32030034767558,0.4696404250686707,0.3235752748181079,0.858767788129269,0.7536199528523745,0.8372404718820609,0.6630208326525404,0.2307519184587942,0.3458717173149295,0.8359810783083826,0.8214448412535968,0.7455971105765355,0.4352475527658165,0.0356425941971551,0.2264400928017483,0.2494117314444258,0.0310466037549517,0.7330849997374437,0.1723603157429345,233.0,232.0
6,5,98,57,0.9565288996292308,70.67418005124591,-72.91407514008485,0.2037592700691928,0.2003352714335794,0.7820542467575436,0.2509333266904135,0.0565356736606881,0.0806064172064009,0.6468014784810043,0.2836265801180667,0.51539770253793,0.8830182661137255,0.9624335378320092,0.5625491358426202,0.1974215179441591,0.3682089396574164,0.5100655680928629,0.0853969068793008,0.351482793110028,0.3670522854682713,0.0,871.0
83,64,61,58,0.6847767910961509,-18.100481408757943,-135.7354178165957,0.7561050676633257,0.857374031552161,0.1625581176226224,0.1372616774792109,0.4498846940280885,0.4443980330053635,0.2108085656342713,0.8492078218489088,0.3305800648258575,0.0234755349892875,0.663397880918992,0.5589586833897362,0.4144523799702638,0.937841214640258,0.1072693979748777,0.3517918708038379,0.4302991657349723,0.1147403061579657,0.0,-3566.0
68,10,36,59,0.5558025856705047,-30.608992168817625,96.7578677713026,0.6319036505182557,0.358941872917895,0.2677147862852471,0.0348998242307255,0.6724718051908922,0.7801101421946857,0.388980403516401,0.0539553461880735,0.2069352437220496,0.8421786372637088,0.4720781745363666,0.2072371137004512,0.4104509653431347,0.1295306795253961,0.8954056318407333,0.1425045017785856,0.7916055923699468,0.6198003085152265,0.0,-2973.0
78,30,25,60,0.4095732487247239,11.655871938204058,-21.239465109820145,0.924326533565596,0.7451756544167545,0.8288473556763809,0.0337154299352863,0.2576167120367764,0.1441521364850662,0.0873624499389911,0.5811707936829368,0.087613223257961,0.927291216704235,0.2079935455738981,0.4392039371564141,0.8500020585584158,0.5033868177511619,0.9010296471958984,0.4317771390032955,0.8299672159144126,0.5757327981436117,0.0,-5001.0
35,17,18,61,0.2080720567392671,-77.23877063379805,20.39299838013335,0.9985213845834476,0.5475525736156124,0.4056739927874242,0.2060518868734586,0.8578286761867553,0.4890860274661784,0.9523684605063554,0.3686534636597774,0.4459598021810655,0.8381282184848227,0.8163397618497698,0.032276958487958,0.0083356538063394,0.1971841767874448,0.8319564248519428,0.7238956940235787,0.1249331217712194,0.1710956322058742,0.0,3412.0
92,64,69,62,0.8521361433156571,-78.60904809681179,144.5726120101752,0.7573831907363321,0.2616435403605931,0.6452558577339956,0.239977322444741,0.0293575473922641,0.371083779666472,0.1324367025157342,0.8154556622295221,0.0819836272302692,0.4657751275960643,0.0938082930514018,0.8226832338607574,0.9911501550268124,0.4925234280099989,0.6055811058707798,0.6280149909991073,0.4488511154276684,0.1984956687203838,0.0,2444.0
54,44,16,63,0.1428684875465924,-89.21366569078306,-70.22774322656254,0.5100728293921587,0.637044194464164,0.0939604631253882,0.2248877566669423,0.3681567420971906,0.6144758951081,0.2715721483863468,0.4921548264354516,0.6595274804940647,0.9363499025074928,0.90428929611491,0.995151680443028,0.0949273950503055,0.8893093673999083,0.0321165773116099,0.1672771518630099,0.4451816834207722,0.4082554676837725,0.0,2713.0
11,66,51,64,0.8054699117483898,-11.8566049828393,-51.85639338580154,0.4477020786299603,0.9228978997138138,0.1359776404720648,0.559167631265782,0.7773225566711781,0.1130741007451613,0.3851812415118935,0.7901344588457817,0.5693321120462995,0.6313136947887779,0.66556467066749,0.2615992396690872,0.6020811726206663,0.8728758289416172,0.2390330983008861,0.9728374923824226,0.6029891994436871,0.9526214134990952,366.0,367.0
35,54,16,65,0.0312282393297045,83.13499594091451,67.61288365922181,0.6504318253174552,0.2233091733143667,0.8363730819517973,0.8563463985613698,0.3927567361740618,0.6052451093610701,0.35697029773941,0.8118740764288015,0.788244692838874,0.7584932816018545,0.2177915239290516,0.6565367971328515,0.1909502729536314,0.7137869806837621,0.8560584413270705,0.7290457603318279,0.3887781793619899,0.17416955268888,0.0,-2418.0
17,51,70,66,0.884276089912738,16.187347635225834,-60.44635211995335,0.0182161245373484,0.838672993870853,0.0259556017927972,0.1578845551140493,0.6174025188422431,0.7249463707255177,0.0195130098585688,0.8207005961011722,0.3835583262479946,0.4169304564517609,0.2183244929277714,0.4395672402015064,0.6581504890731233,0.9103810981461288,0.2021755497583147,0.7761761159956111,0.4611223913888885,0.0127414642473965,0.0,-4744.0
98,23,35,67,0.2228904925528562,69.01245360949571,145.27243323808153,0.8562102937172327,0.5166345041348744,0.3154753179703654,0.4235445577190857,0.7109845052332913,0.9479576628665424,0.5219272893089062,0.4083782237365205,0.3557346390179479,0.9826196673229476,0.3671787195877007,0.8175140478968005,0.955329752330162,0.0007598026740948,0.8515282140399243,0.7818010689335697,0.7469122090050687,0.6872952802252762,0.0,80.0
72,36,42,68,0.8489199100891989,-48.28506830738591,65.01081658548051,0.8880088865158193,0.5561694360252355,0.7477018973284841,0.4637968032968452,0.5718250447168444,0.4102127956734583,0.8040640217416752,0.7709517705130392,0.3766399468353676,0.2715332507109116,0.9173483993136098,0.7125741672703555,0.6657188044369144,0.4507530584905879,0.8310253395555203,0.6341918893050479,0.0199123038317258,0.5135543751852374,0.0,-1421.0
83,48,25,69,0.0285121136400919,-54.22549550686684,123.26096955096028,0.9573722622178744,0.7308326055260977,0.1441428945622548,0.4297083692074319,0.8095680805786086,0.2124849987057775,0.8243913503063754,0.7123259790664942,0.2857415527762821,0.9115400860591368,0.7635249494156074,0.7418608531944368,0.4326867572100127,0.4434907984765811,0.0991554855520082,0.6353128721920134,0.3171404746260201,0.4105522354589287,0.0,-4469.0
9,57,55,70,0.8555961287609131,-45.37428472106596,99.15348692097018,0.2703565237457533,0.1550417222169402,0.6416948292150224,0.9899776118837176,0.5200173206688564,0.0511763230148315,0.6793680877636329,0.6625148675268686,0.4384374711555646,0.7190215148395734,0.2083781199176053,0.2750710698009028,0.4828984023275985,0.8505257566675335,0.5998097543909708,0.1539460124680456,0.5974308668661321,0.2232402568508308,0.0,-3434.0
5,4,57,71,0.8518148378377847,48.409636929720506,64.65565964585349,0.7467246227561402,0.5189477583669285,0.8326609845102118,0.667851358450088,0.8071379072776155,0.7707559578889417,0.7475051569269593,0.7448553098092437,0.196964420516113,0.1675651516346841,0.5139531395739608,0.6980010098712511,0.1363657113793708,0.7132289610148884,0.9826040826616028,0.1615997423448432,0.3498170734327794,0.4658660452029368,181.0,180.0
95,62,97,72,0.622337381747569,-80.00344900987787,-127.16925894479206,0.3952913568948758,0.4894427781196515,0.6417450377158495,0.0561752630470435,0.1318623461635463,0.0826031968310107,0.3834551519627978,0.7605515473157524,0.1605145975424372,0.8866241482160414,0.7428898399287703,0.5238978412257154,0.6330761731378749,0.4450275154590236,0.7377796819915677,0.273080272614834,0.6944403479702483,0.3742235454902016,0.0,1313.0
24,3,95,73,0.3567834798620757,-9.936613513779491,6.924831879224229,0.7618875820673516,0.3493985738550313,0.3543082294537696,0.0927416115268014,0.1540615626264593,0.8316003527895527,0.8289130248256842,0.7192718762729254,0.8932138766586634,0.6635602167620086,0.2451666996446895,0.3464170438141515,0.7530379167793801,0.2860499231554725,0.276751316515673,0.9306697214173456,0.2126951824937051,0.9014417473770948,0.0,-5026.0
67,55,93,74,0.2524640970841015,3.651767245020693,15.179743026755231,0.2945554838829374,0.6695759432535975,0.5700810721154028,0.7319340814935097,0.2962295647702554,0.6825687613339051,0.5577429228639519,0.3365802266153554,0.8420276877142773,0.508690489302117,0.8123323729225207,0.2621998773927181,0.9128450870015709,0.8504904636629421,0.9526105031401086,0.9367764114386088,0.0613314854717451,0.9623112822052936,623.0,609.0
30,89,5,75,0.9040520334191274,88.27311403545357,114.80746740780852,0.7608440538107909,0.4681275715061113,0.6364891640124527,0.3284446390069875,0.1560363555208321,0.6043441272575724,0.2866602942958648,0.7003852156801371,0.3733708141374886,0.6952857422349219,0.415449863218988,0.216571125079734,0.3645663366684492,0.2748534622803695,0.5174110826900282,0.0273635802143699,0.3511516641268986,0.2021148533414591,0.0,-4332.0
3,23,72,76,0.8690962373287436,-5.8585460581748094,-77.48866643154332,0.5687899664483954,0.1711949117405447,0.0003646097198705,0.2008214712222441,0.0016554983439242,0.9369415097843142,0.6899470693624935,0.6650291871941706,0.5613361870650607,0.8082521823645729,0.5639472427912453,0.7243118407603641,0.1737347117284183,0.0157122086783739,0.6970086310886863,0.4995878247208861,0.0783641918686176,0.7814948330243745,1530.0,1499.0
95,46,31,77,0.8299705729077295,-16.210494145497606,-114.96668391131608,0.5669752479402373,0.7376437018849376,0.878310522614813,0.4174907629955657,0.491888346453374,0.6873002193133653,0.5940675545229553,0.6026594395067427,0.854307805426533,0.5361680236474203,0.678993788831351,0.0217537343943582,0.9649060670608396,0.559417276117396,0.0046525237496879,0.7846393796673824,0.3786480292305203,0.376619663067871,0.0,-3320.0
89,43,13,78,0.6258400683141018,74.58582447454526,-46.27835599320062,0.7360350001232139,0.6191651157701905,0.5734750542313137,0.7797083373769432,0.4740136955292772,0.3553214685081929,0.8723432447271448,0.8191848130365532,0.7657889707546311,0.6750555556838792,0.9466076724890364,0.1531837955206695,0.5411176713928745,0.0816499783883457,0.559806206942147,0.134849482174707,0.6993692124473064,0.1938296309370898,0.0,257.0
49,19,48,79,0.4550475236511898,17.694810327717036,130.03119137311472,0.8895364266401503,0.8254174805654487,0.1970679024400384,0.1702364584264565,0.6134008831752539,0.4311785268006108,0.5505763885924362,0.1469037959970641,0.4398934864008562,0.9541968051978872,0.6764457229535034,0.0552423761833735,0.6331054217498482,0.5787701400177863,0.4292160838863713,0.535057598045995,0.4558170896074867,0.9798928145098528,0.0,-5710.0
88,71,66,80,0.4122967091572052,7.268204108442475,-99.31159248995908,0.7885751187968236,0.618989352718759,0.0797787845507801,0.7691045347189382,0.5213292857139757,0.2671776423308015,0.0622246012234602,0.8292422803038534,0.1288435767191079,0.9430790100694416,0.348656610070616,0.1297798631643648,0.7724035055980716,0.7590273812152601,0.3460606236917865,0.1646849928662604,0.1704010528020949,0.2958867259625838,0.0,-3250.0
78,21,44,81,0.0986444551789186,-34.158883600525606,145.1565010446742,0.062392678850117,0.0162861654311068,0.8140264910416682,0.9785019994480656,0.3591309690572938,0.9968749014876096,0.9215356769535225,0.3637466273753192,0.061685286080404,0.4377964649927622,0.5415934328702807,0.4060954734098697,0.8755761616948582,0.1196785192937649,0.8660262158392389,0.4090864296292339,0.8557258508332756,0.8680443445612239,98.0,97.0
69,46,90,82,0.9852505629385594,-66.59960618674367,131.64199510034172,0.9243207802526244,0.7583993462802953,0.954812814762869,0.460809653153051,0.5803375174998354,0.7260275982770709,0.4756417400549573,0.7954350938917776,0.3776703984761864,0.5398797393915284,0.6869949928521363,0.7072899910436488,0.4277399389082598,0.3349468333417059,0.1266311019285084,0.6898508927252992,0.1652614400160992,0.371638407796114,0.0,-411.0
7,73,60,83,0.3061611492277726,-56.19982244638718,159.64676808375685,0.5449483133079233,0.0604830028793916,0.704413596604978,0.0835914082045429,0.1348021171966007,0.5667068162917187,0.3809617496754464,0.880199497236535,0.915971878054978,0.66556676539446,0.173186457233748,0.9365454014922364,0.6020272582750432,0.6689514793751138,0.5845117293069976,0.5194846873508558,0.842647588255382,0.5895061616559247,0.0,-3964.0
49,53,44,84,0.4675061737285786,-9.2119922758487,32.40747304049188,0.2991700305738706,0.4220644562314588,0.9417161020960408,0.7306062004908057,0.0866256336019063,0.6386070335075903,0.7176838672611479,0.352395951613801,0.0168363104635913,0.093814142782565,0.0741503032768499,0.3993634233379269,0.932762226776722,0.9975391701260784,0.3589470331358924,0.7170597632529907,0.318660423738084,0.2378733345806819,1381.0,1380.0
69,20,11,85,0.9037501692588044,29.76585275832377,158.7483549433265,0.799914526190381,0.1251195068116586,0.1393172273249127,0.9405058681524576,0.923706174148623,0.9593091996966164,0.3922437257768401,0.9075718694979644,0.7524512276360281,0.4973954271142011,0.063065063938552,0.0206814771088518,0.6588920475353254,0.9325380337310464,0.1447295039701828,0.3355696563838528,0.0394019995235004,0.9308687943855802,0.0,-5820.0
16,12,75,86,0.2904363579378817,-55.42190524075918,-83.92939716061436,0.9973801165765238,0.0078884783909224,0.1058174424126224,0.7682224039117749,0.6052371051619572,0.6021090234083863,0.4661203553461955,0.0226766409874278,0.0086290969036821,0.9372008224684544,0.2257053621664485,0.621617958178063,0.3085852862352991,0.1572272577796633,0.5009165342636698,0.9626986003131316,0.0909732413234828,0.7870424696525621,0.0,-4863.0
65,13,46,87,0.9118846276137554,-56.55772297520923,127.1141207319542,0.9891779467596068,0.6750640669441006,0.7708980856533063,0.9791909705200929,0.83878864722402,0.1623406909178808,0.9089535745937214,0.0362656736038208,0.4169119588908861,0.7697365398064104,0.4309412328677792,0.946227811180808,0.7574339389722451,0.7260442990009828,0.3646921743754506,0.0786804755473492,0.0730495053489181,0.7480472373920323,0.0,-4741.0
18,80,27,88,0.2668641325369495,-63.72733630914787,-77.21763111633314,0.572340813214357,0.8955636120303577,0.1121458481794605,0.4259982091793489,0.0075596481212717,0.7220549342502015,0.354136411492251,0.4030767943783593,0.0685729637028355,0.96378026517336,0.2015124494057057,0.7328882093038519,0.1307608511975739,0.3546636844921048,0.2391482403095298,0.2761844452519202,0.1994269128364012,0.1542617024626494,0.0,-4181.0
75,70,55,89,0.1566547484504913,-82.05322897360405,117.52531025803614,0.1704332574294368,0.625229312271828,0.6194541070790849,0.1421532000466823,0.9492343749695168,0.6443406153785075,0.685926573330655,0.4035000413262152,0.4975375547931085,0.9045940300018568,0.3826964530391721,0.8375728890325995,0.2490875614297443,0.6555368086500468,0.7009569192108734,0.061054226779399,0.5122621178093762,0.2316169150109589,0.0,3065.0
16,43,48,90,0.6908408498865013,-14.522424252798302,55.7579342056807,0.3229671803492683,0.8516507429254595,0.923153587624921,0.6815574778204844,0.1684144730025519,0.5813942591133937,0.2219259245132248,0.4671094810595468,0.7327318850425127,0.4676861296852453,0.2093526589808956,0.8087754772757069,0.5755387765255653,0.9266947265857224,0.5523653998833473,0.3359146251903457,0.2391968111185233,0.999018727181028,0.0,-4134.0
37,73,35,91,0.0815640660959921,26.1945073297789,-9.57241686051907,0.5000954244960095,0.0980155555663777,0.9998640476350136,0.0912642681718106,0.5814996481012059,0.1604961894707751,0.1305739070859309,0.7638023347319274,0.401610874029653,0.9120836145337564,0.3318494247902532,0.1515631450091746,0.3072555181174622,0.9259197464142256,0.4517038407965942,0.0865583722410522,0.1877940204040561,0.2874234540987617,441.0,440.0
3,34,10,92,0.9269179687241006,-59.12344563455068,11.23757453263346,0.903356371213978,0.1421869300379445,0.4516581323697677,0.7481918452322761,0.4826773419258081,0.205289422657502,0.3516712918395247,0.807272416855545,0.5812488669346112,0.3397675301010121,0.4737960778342132,0.8206307118540263,0.0364748486786807,0.7040891063528283,0.1289613679144166,0.1224506184977313,0.605170776553393,0.561455780487088,0.0,-5430.0
27,87,91,93,0.2470124108839227,51.36973647009464,57.43732308627904,0.5194689298039353,0.294055512518854,0.6021731148787842,0.777337468699152,0.1646558610416902,0.2699411243470681,0.8808450951231868,0.9589499835241972,0.9015721270769722,0.0594530742936432,0.8417419845716888,0.4187324573842286,0.7453496690344569,0.9253603351467484,0.6738855654270419,0.377104068227333,0.0508347676144814,0.433750995488788,336.0,331.0
31,12,77,94,0.0557552863958806,31.15908842889695,-77.86577165014998,0.8014525701642861,0.6790301732934175,0.7139824964605063,0.190088894344325,0.1022970606004092,0.2180056067972779,0.1080541394418269,0.6309122066963736,0.4432433213535898,0.4178231566864387,0.2453776048205946,0.3939293063228228,0.8338408874057185,0.2353979195931448,0.055581877895371,0.2229830154770431,0.8351100201883473,0.3862905892553357,0.0,-892.0
4,35,41,95,0.595098802435899,-48.33363681334597,-167.05846077909743,0.7832586076683414,0.6586356846308417,0.3317641918358305,0.4859941588402126,0.6744134916241552,0.8539962008581093,0.0730841964446816,0.9959074082508566,0.0367890852578036,0.3148046514270137,0.6667010417767354,0.1988814961873841,0.386205892605155,0.9208863996974463,0.2636857541488332,0.5218861240146111,0.0709596901039186,0.0716495322142328,0.0,-5156.0
21,26,6,96,0.5102602713696,-26.50831017596672,-23.061000179860173,0.1828440571188234,0.5549365384920247,0.8041654922340281,0.3409531413570442,0.8481668536455708,0.9943138052747336,0.982307868655224,0.644635581046034,0.5777572493796325,0.3018705334441069,0.1132796099159776,0.9465068797148196,0.989474233192999,0.3131507250109039,0.5260975323838121,0.0572334919968522,0.1234521370032399,0.0512482825364648,0.0,-4242.0
7,36,32,97,0.5435652242873804,-32.50234333376164,139.64795800153755,0.2557916042908611,0.9152394859617488,0.1903452375778811,0.187092383959416,0.1776165243831681,0.7339394179484471,0.3338356113514312,0.3647648629305337,0.5490061416848012,0.6551705532353252,0.3133168579040006,0.3147824110239184,0.474316088412013,0.1062599529454789,0.0991006322381083,0.4758621270149319,0.0838025232224521,0.8170066399073217,367.0,369.0
78,71,57,98,0.1669353579683117,78.5863233679564,39.29235416536332,0.1712786064396835,0.332299485810436,0.2439889270180755,0.1014451035697073,0.6532114164338629,0.6731461133242753,0.8157918058691,0.7101480527403553,0.7944412371142278,0.8556883091424802,0.1670259632160677,0.6696771179800984,0.8168603360934921,0.5192832310701053,0.801698802860207,0.6677800530237025,0.6775754383442161,0.4795076543442884,0.0,-190.0
19,74,61,99,0.9980633952348588,-65.48890601740881,63.2918566163232,0.1764022616229631,0.2230322427050869,0.3874748704000589,0.2814752216321365,0.9018251042787848,0.9540575170480152,0.1727967264838784,0.5775422300668555,0.3951897269924777,0.8916819593575197,0.410479758541418,0.2692220580843847,0.7148438693598916,0.5981253656711958,0.7527837298085648,0.776906343859468,0.0830785721693183,0.3406062445089083,0.0,-3574.0
70,79,49,100,0.7678056053789695,-12.10063326442409,16.18342438317717,0.1719210418884705,0.9988340285081354,0.583055397147686,0.9827869292417808,0.2103061342842961,0.7831678108233848,0.2242549500462735,0.4631611351514546,0.2013237910859201,0.4401684823672515,0.5281136341432493,0.0671587016378596,0.2185519095079068,0.4137403953136892,0.0463832253300031,0.9143596450583747,0.6009444250557431,0.5722374888763311,1603.0,1591.0
